model,silhouette
kmeans,0.16285833950805756
agg_single,0.5922260280296262
agg_complete,0.30252108330829847
dbscan,-0.3235331086660083
